"Category","Activity","Sub-activity","Budget","Committed","Forecast","Available","Variance","Used %"
"Commercial & Marketing","Marketing & Campaigns","Seasonal campaigns","14000","11200","12100","2800","1900","80%"
"Commercial & Marketing","Marketing & Campaigns","Digital & social","8000","5600","6050","2400","1950","70%"
"Commercial & Marketing","Marketing & Campaigns","School holiday programmes","8000","4600","4950","3400","3050","57%"
"Venue Operations","Operations","Staffing & overtime","22000","16400","17700","5600","4300","75%"
"Venue Operations","Operations","Consumables & wristbands","11000","7300","7900","3700","3100","66%"
"Venue Operations","Operations","Party & group events","12000","7100","7650","4900","4350","59%"
"Facilities & Utilities","Facilities & Maintenance","Planned maintenance","10000","8200","8850","1800","1150","82%"
"Facilities & Utilities","Facilities & Maintenance","Reactive repairs","6000","5400","5850","600","150","90%"
"Facilities & Utilities","Facilities & Maintenance","Refurbishment","8000","5500","5950","2500","2050","69%"
"Facilities & Utilities","Utilities","Electricity & water","15000","12400","13400","2600","1600","83%"
"Facilities & Utilities","Utilities","Telecom","3000","1500","1600","1500","1400","50%"
"Technology","IT & Systems","POS & ticketing","9000","6100","6600","2900","2400","68%"
"Technology","IT & Systems","Network & security","6000","3800","4100","2200","1900","63%"
"Technology","IT & Systems","Software licences","5000","2500","2700","2500","2300","50%"
"Safety & Compliance","Safety & Compliance","Inspections & certification","5000","3600","3900","1400","1100","72%"
"Safety & Compliance","Safety & Compliance","Training & drills","4000","2600","2800","1400","1200","65%"
"Safety & Compliance","Safety & Compliance","PPE & safety stock","3000","1400","1500","1600","1500","47%"
"Capital Projects","Capital & Fit-out","New venue","70000","61000","65900","9000","4100","87%"
"Capital Projects","Capital & Fit-out","Refurbishment programme","35000","26500","28600","8500","6400","76%"
"Capital Projects","Capital & Fit-out","Asset purchase","15000","9000","9700","6000","5300","60%"
